44859,1
42775,20
41460,19
39508,3
41588,3
40424,3
28184,3
25924,3
47937,38
47939,38
47943,38
47237,55
25336,55
27937,55
33490,55
37232,55
38528,55
41584,55
38254,57
39256,57
43651,57
44481,57
45465,57
38760,38
43600,37
44485,2
44484,2
43861,2
43849,2
43556,2
43557,2
45114,56
45116,56
45117,56
40965,2
40045,2
40046,2
40966,2
43042,2
43043,2
41853,2
41852,2
33460,3
48270,3
47440,3
31304,37
36797,39
40075,39
43768,1
44103,1
43174,3
43039,39
44824,12
52160,20
43805,20
39467,56
41785,37
41789,38
36798,37
41786,37
35942,3
39078,3
39616,3
42934,3
47699,37
24315,3
28252,3
28446,3
29644,3
33275,3
25954,3
26580,3
26639,3
44394,22
44479,57
32794,57
39237,57
44479,3
45920,3
39237,3
7530,21
45920,57
45726,22
45726,23
44876,39
26624,3
28868,3
28378,3
31102,3
39127,3
28372,3
40019,3
28366,3
35686,3
35684,3
28372,2
40019,6
28366,2
35686,6
35684,6
37792,3
39416,3
39425,3
40018,3
39425,6
40018,6
43450,3
45863,3
38107,3
40982,3
37810,39
44186,3
47484,20
47615,20
47616,20
52161,59
49403,20
47719,37
43130,2
44352,20
40272,3
40941,3
48953,1
47441,19
35696,3
40141,3
37933,3
40107,3
42942,3
26107,3
40298,37
43152,37
49397,20
25071,3
29055,3
31306,3
33436,3
37775,3
25462,3
26853,3
26638,3
39285,3
38778,3
40364,3
27400,3
36581,3
39617,3
43127,2
47430,3
47488,3
47487,3
47519,3
47517,3
48954,3
48961,3
48955,3
48952,3
48960,3
40930,40
44333,3
46275,3
39509,57
39509,39
41168,2
39079,39
43632,39
29526,39
36592,39
36745,39
33154,39
41029,39
43463,39
49814,21
40420,55
41394,55
44879,1
52175,41
48083,23
47957,23
48084,23
48085,23
44412,20
38250,43
38251,43
38775,43
38953,43
41434,43
41586,43
40549,43
40938,43
43001,43
44542,43
44543,43
43002,43
40748,43
40749,43
43107,43
43108,43
43207,43
43208,43
43246,43
43245,43
43539,43
43581,43
43582,43
43602,43
43603,43
43622,43
43623,43
43647,43
43648,43
43683,43
43706,43
43707,43
44204,43
44231,43
44337,43
44709,43
44793,43
44794,43
44864,43
44865,43
45807,43
45344,43
37210,43
38091,43
36828,43
37256,43
37384,43
37763,43
37948,43
38250,44
38251,44
38775,44
38953,44
41434,44
41586,44
40549,44
40938,44
43001,44
44542,44
44543,44
43002,44
40748,44
40749,44
43107,44
43108,44
43207,44
43208,44
43246,44
43245,44
43539,44
43581,44
43582,44
43602,44
43603,44
43622,44
43623,44
43647,44
43648,44
43683,44
43706,44
43707,44
44204,44
44231,44
44337,44
44709,44
44793,44
44794,44
44864,44
44865,44
45807,44
45344,44
37210,44
38091,44
36828,44
37256,44
37384,44
37763,44
37948,44
38250,61
38251,61
38775,61
38953,61
41434,61
41586,61
40549,61
40938,61
43001,61
44542,61
44543,61
43002,61
40748,61
40749,61
43107,61
43108,61
43207,61
43208,61
43246,61
43245,61
43539,61
43581,61
43582,61
43602,61
43603,61
43622,61
43623,61
43647,61
43648,61
43683,61
43706,61
43707,61
44204,61
44231,61
44337,61
44709,61
44793,61
44794,61
44864,61
44865,61
45807,61
45344,61
37210,61
38091,61
36828,61
37256,61
37384,61
37763,61
37948,61
38250,62
38251,62
38775,62
38953,62
41434,62
41586,62
40549,62
40938,62
43001,62
44542,62
44543,62
43002,62
40748,62
40749,62
43107,62
43108,62
43207,62
43208,62
43246,62
43245,62
43539,62
43581,62
43582,62
43602,62
43603,62
43622,62
43623,62
43647,62
43648,62
43683,62
43706,62
43707,62
44204,62
44231,62
44337,62
44709,62
44793,62
44794,62
44864,62
44865,62
45807,62
45344,62
37210,62
38091,62
36828,62
37256,62
37384,62
37763,62
37948,62
48840,1
28890,1
41238,39
26959,37
26959,38
26959,19
26959,20
41604,37
40968,19
40968,20
38708,37
43730,1
49469,1
49470,1
49950,1
49949,1
52196,1
43812,1
52197,1
44367,1
44499,1
46088,1
46089,1
47971,1
41787,1
42907,3
43432,3
43867,3
44457,3
42907,57
43432,57
43867,57
44457,57
44105,2
26469,3
48876,1
43813,2
41591,3
40020,22
40119,40
44495,1
49066,1
52174,1
32019,3
37207,3
37776,3
42951,3
46112,3
43014,56
43014,20
44312,37
44314,37
40014,2
42801,3
29108,48
32790,38
40055,38
40056,38
41788,38
32790,20
40055,20
40056,20
41788,20
47309,20
43791,1
46269,1
47489,1
47481,1
48913,1
48605,1
51072,1
51071,1
28649,37
29710,37
32783,55
36795,37
41599,37
41948,37
42767,37
43111,37
44804,37
47932,37
39265,48
43339,57
40336,37
40718,2
43115,2
41850,56
43809,3
43722,2
43636,2
43853,40
49464,55
49465,55
49466,55
42769,2
46818,5
49261,56
49262,56
30777,38
43662,37
47956,2
25867,40
43669,2
41899,37
51843,1
49315,40
44874,40
43855,38
43855,20
28058,39
33434,37
37930,37
40137,37
39209,38
43690,1
42848,1
42849,1
42793,1
43143,1
43737,1
33453,3
38764,22
45121,20
45121,2
40208,57
29107,37
29107,19
47256,39
48875,57
48874,57
42777,20
36744,37
42777,38
36744,39
35943,57
36582,57
40353,55
27640,55
42846,1
42847,1
46931,1
44349,37
44351,37
44343,37
44350,37
44358,37
44353,37
29047,37
29048,37
29050,37
29051,37
29052,37
29047,19
29048,19
29050,19
29051,19
29052,19
40555,56
44421,56
44424,56
44797,55
44835,55
44797,70
44835,70
44422,56
44423,56
31598,55
32376,55
33412,55
37216,55
51444,55
40380,19
31598,19
32376,37
33412,37
37216,37
51444,37
40380,37
36508,37
44873,37
44873,55
43793,22
43866,55
47305,55
39440,20
43858,20
27848,20
49264,48
49263,40
48922,37
39766,37
41173,40
43857,28
51845,1
40912,20
35681,37
40013,37
46493,22
32789,20
49016,20
42922,56
42786,2
42785,2
42783,2
42000,2
46284,4
31862,3
32729,3
36131,3
40333,3
40663,3
27426,3
28659,3
29494,3
43678,19
25757,48
40715,1
40716,1
40717,1
47940,37
24753,55
25991,55
28054,55
29522,55
35951,55
44399,2
42895,1
42893,1
42890,1
42887,1
42886,1
42871,1
42872,1
42870,1
42877,1
42866,1
42865,1
42862,1
41618,1
41613,1
41610,1
43905,1
43893,1
43899,1
43902,1
43906,1
42997,1
41975,1
41972,1
41966,1
43120,1
42018,1
41956,1
41968,1
43119,1
42023,1
41990,1
41988,1
41965,1
43122,1
42031,1
42001,1
42029,1
42014,1
42041,1
41978,1
41977,1
42009,1
42034,1
42028,1
42027,1
42048,1
42019,1
42026,1
43747,1
43725,1
43724,1
43733,1
43741,1
43742,1
43723,1
43769,1
44096,1
44088,1
44090,1
44080,1
44095,1
44094,1
44098,1
46813,1
46820,1
46819,1
46821,1
46817,1
46822,1
46814,1
46816,1
46815,1
44814,1
44808,1
44809,1
44812,1
44811,1
44818,1
44816,1
47543,1
47523,1
47462,1
47471,1
47472,1
47528,1
47521,1
47516,1
47492,1
47496,1
47500,1
47498,1
47540,1
47456,1
47452,1
47545,1
47539,1
47542,1
47497,1
47495,1
47514,1
47520,1
47494,1
47544,1
47475,1
47479,1
47469,1
47477,1
47473,1
47530,1
47522,1
47490,1
47491,1
47499,1
47698,1
47612,1
47687,1
47686,1
47688,1
47684,1
47685,1
47617,1
47515,1
47518,1
47527,1
47474,1
47478,1
46313,1
46296,1
46285,1
46283,1
46297,1
46286,1
46528,1
46527,1
46529,1
46597,1
46609,1
46321,1
46621,1
46735,1
46737,1
46738,1
46812,1
46314,1
46290,1
46289,1
46291,1
46288,1
46282,1
51017,1
51037,1
51049,1
51015,1
51028,1
51066,1
51010,1
51020,1
51035,1
51007,1
51046,1
50996,1
50997,1
51040,1
51003,1
51034,1
51056,1
51016,1
51026,1
51012,1
51045,1
51011,1
51006,1
51000,1
51041,1
51024,1
51055,1
51042,1
51048,1
51039,1
51009,1
51023,1
51029,1
51064,1
51052,1
51005,1
51018,1
51027,1
50993,1
51004,1
51043,1
51065,1
50992,1
51047,1
52257,48
49398,5
27691,57
27875,57
25019,57
26052,57
26575,57
23628,57
26356,55
26880,55
28158,55
43881,2
44344,56
39419,37
46234,56
24936,3
43790,1
28935,3
33207,3
36499,3
36792,3
39008,3
38551,3
41592,3
41893,3
42749,3
42070,3
27378,3
27854,3
32763,3
44388,20
44475,3
44047,37
41032,55
42719,55
44552,55
45608,55
49503,55
44408,2
37344,37
41105,37
44903,37
43617,22
43616,22
43617,4
43616,4
38010,55
38008,55
38007,55
38009,55
47944,2
44078,55
52330,55
52159,37
46905,55
51656,37
25994,37
28376,37
27424,37
47230,56
41896,40
46273,37
43792,19
43792,30
39233,3
43700,3
43700,57
43446,56
47300,37
43807,38
34710,3
29162,3
40425,3
39122,3
41589,3
26719,3
28187,3
37836,3
42741,3
28924,3
38992,3
33750,3
26369,3
36101,3
39773,3
27460,3
44624,3
41382,3
37816,3
39020,3
39163,3
44334,3
40875,3
41310,3
29270,3
33459,3
28945,3
37258,3
45027,3
49056,3
37793,3
40936,3
43819,56
47319,40
47319,22
28707,3
32478,3
33595,3
39487,3
40277,3
40505,3
40895,3
41191,3
50001,3
50002,3
39612,3
39613,3
43775,3
44877,40
43721,55
47226,55
30776,56
43815,56
44347,56
45610,56
30776,20
43815,20
44347,20
45610,20
48924,11
43192,2
38998,38
38049,37
40367,37
43491,37
37214,37
39260,37
43010,37
49008,37
41882,37
48808,37
33053,40
37162,55
38109,55
39462,55
41334,55
43145,55
40377,40
40378,40
42831,22
40377,22
40378,22
42831,19
20253,57
42920,37
24920,37
48250,38
50984,3
50985,3
50990,3
51001,3
50991,3
43770,21
46292,37
46293,37
39444,21
26038,3
27715,3
27954,3
28790,3
28884,3
29236,3
31307,3
32951,3
33376,3
24812,3
28702,3
46114,3
27445,3
40128,7
41549,7
41550,7
41860,7
41861,7
41862,7
43055,7
43056,7
43057,7
43058,7
43566,7
40129,7
43567,7
43564,7
40544,7
40545,7
40889,7
40890,7
41859,7
41175,7
41174,7
37847,7
37846,7
38857,7
38858,7
40128,8
41549,8
41550,8
41860,8
41861,8
41862,8
43055,8
43056,8
43057,8
43058,8
43566,8
40129,8
43567,8
43564,8
43565,8
40544,8
40545,8
40889,8
40890,8
41859,8
41175,8
41174,8
37847,8
37846,8
38857,8
38858,8
39150,37
44622,37
43259,37
43260,37
43262,37
43461,37
43484,37
43585,37
46396,37
49492,37
44819,37
48079,37
46610,37
47231,37
40118,37
41727,37
49495,37
52200,37
41194,37
49122,37
44703,37
40701,55
40894,37
45625,37
45794,37
46025,37
46232,37
45856,37
41121,57
39430,2
43065,37
51097,3
51097,57
40657,38
47234,40
47235,40
29252,2
31789,2
41579,66
44517,66
33331,1
33331,37
43823,37
45246,37
22049,40
48962,37
46278,12
47509,12
41602,12
38337,37
25652,3
31571,3
32265,3
32263,3
31573,3
32264,3
31576,3
31574,3
37193,3
37189,3
37192,3
37190,3
37191,3
39076,3
37188,3
38041,3
37743,3
38042,3
37739,3
38040,3
37742,3
38045,3
37740,3
37744,3
38044,3
37741,3
38043,3
39073,3
39074,3
39077,3
39075,3
39072,3
37372,7
40315,7
46805,7
29670,7
29671,7
32276,7
32275,7
32393,7
32395,7
36111,7
36400,7
36402,7
36112,7
36401,7
37139,7
37867,7
37868,7
37869,7
39155,7
41330,7
42939,7
41554,7
40001,7
43508,7
43687,7
44299,7
44850,7
45358,7
37372,8
40315,8
46805,8
29670,8
29671,8
32276,8
32275,8
32393,8
32395,8
36111,8
36400,8
36402,8
36112,8
36401,8
37139,8
37867,8
37868,8
37869,8
39155,8
41330,8
42939,8
41554,8
40001,8
43508,8
43687,8
44299,8
44850,8
45358,8
37372,61
40315,61
46805,61
29670,61
29671,61
32276,61
32275,61
32393,61
32395,61
36111,61
36400,61
36402,61
36112,61
36401,61
37139,61
37867,61
37868,61
37869,61
39155,61
41330,61
42939,61
41554,61
40001,61
43508,61
43687,61
44299,61
44850,61
45358,61
37372,62
40315,62
46805,62
29670,62
29671,62
32276,62
32275,62
32393,62
32395,62
36111,62
36400,62
36402,62
36112,62
36401,62
37139,62
37867,62
37868,62
37869,62
39155,62
41330,62
42939,62
41554,62
40001,62
43508,62
43687,62
44299,62
44850,62
45358,62
47346,3
46266,12
48910,12
52158,12
29155,55
35491,37
36411,37
41866,37
43226,37
51850,37
41875,55
39030,55
49816,1
49815,1
43197,55
43196,38
40552,3
40553,3
40554,3
39249,3
39250,3
39251,3
40061,3
40062,3
40063,3
46486,3
46487,3
46488,3
47227,3
47228,3
47229,3
43672,37
50999,1
43178,57
43178,39
39574,37
43476,37
43477,37
33492,37
43890,1
47934,1
47933,1
47936,1
47935,1
38779,39
43824,39
37746,39
39498,39
41028,39
40332,39
42815,39
41793,39
42747,39
43698,39
45026,39
44035,39
40880,39
40880,3
39234,57
37605,39
37605,43
40100,70
41744,70
41745,70
51280,70
51281,70
47969,55
49014,55
48878,55
51825,37
51826,37
48842,37
48842,19
43609,37
45721,37
37781,37
43655,37
46469,37
48261,37
48251,2
44229,56
47505,13
47508,13
47502,13
48957,13
48931,13
48948,13
52167,13
52165,13
52170,13
43765,13
43794,13
43799,13
43011,1
49319,1
49322,1
45624,1
45796,1
28492,55
36124,55
27811,3
42814,3
44034,3
27370,22
44034,39
27370,40
49400,23
43744,2
43774,2
47942,2
47541,2
40267,37
41836,37
29479,40
39253,40
47297,1
27528,3
27528,39
27528,57
37264,3
43228,3
41942,3
33320,37
33321,37
38997,37
46478,37
46479,37
40015,38
40011,38
43914,39
43871,2
32388,3
43633,3
38340,20
43720,3
44705,3
20580,40
43156,20
42758,40
37237,3
38741,3
43272,3
43719,37
43613,48
43115,1
47507,1
48918,1
48914,1
48916,1
51070,1
48917,1
51008,1
43800,1
44390,1
44389,1
46497,1
46496,1
47510,1
47506,1
44628,40
40538,37
43223,37
45165,37
42072,37
43495,37
36104,37
37813,37
37954,37
39061,37
39062,37
40381,37
29249,55
32706,55
40344,55
42941,55
24674,3
25153,3
28628,3
28899,3
33278,3
39215,3
39215,2
39215,39
39215,38
39476,3
40384,3
40882,3
42698,3
44801,3
50319,3
43738,38
41949,37
41954,37
43116,38
51658,37
39216,37
41752,37
51658,48
51658,30
27540,40
26766,3
28358,3
32253,3
26590,3
36097,3
36106,3
36397,3
37238,3
37834,3
38356,3
26608,3
38740,3
38749,3
38098,3
38867,3
33153,3
40271,3
41581,3
41748,3
40874,3
42818,3
41747,3
42950,3
44476,3
24916,3
26451,3
26824,3
26900,3
27380,3
27438,3
27513,3
37392,3
25544,40
33401,40
46274,5
41920,39
41918,39
41922,39
41921,39
41917,39
42960,39
41924,39
41919,39
43481,39
41926,39
41925,39
42803,39
41923,39
42806,39
43072,39
42808,39
42807,39
42959,39
42805,39
42812,39
42957,39
42804,39
42810,39
42964,39
42809,39
42956,39
42811,39
42958,39
43073,39
43079,39
42961,39
42955,39
43075,39
43070,39
42962,39
43076,39
43071,39
42963,39
43252,39
43077,39
43256,39
43258,39
43249,39
43253,39
43254,39
43480,39
43255,39
43250,39
43257,39
43074,39
43479,39
43078,39
43574,39
43573,39
43576,39
43251,39
43571,39
43578,39
43569,39
43478,39
43482,39
43575,39
43577,39
43572,39
43570,39
43931,39
43924,39
43926,39
43930,39
43929,39
43927,39
43925,39
43928,39
43923,39
43922,39
41920,3
41918,3
41922,3
41921,3
41917,3
42960,3
41924,3
41919,3
43481,3
41926,3
41925,3
42803,3
41923,3
42806,3
43072,3
42808,3
42807,3
42959,3
42805,3
42812,3
42957,3
42804,3
42810,3
42964,3
42809,3
42956,3
42811,3
42958,3
43073,3
43079,3
42961,3
42955,3
43075,3
43070,3
42962,3
43076,3
43071,3
42963,3
43252,3
43077,3
43256,3
43258,3
43249,3
43253,3
43254,3
43480,3
43255,3
43250,3
43257,3
43074,3
43479,3
43078,3
43574,3
43573,3
43576,3
43251,3
43571,3
43578,3
43569,3
43478,3
43482,3
43575,3
43577,3
43572,3
43570,3
43931,3
43924,3
43926,3
43930,3
43929,3
43927,3
43925,3
43928,3
43923,3
43922,3
39197,40
39199,43
39635,43
40269,43
40547,43
41241,43
41384,43
41469,43
43286,43
39199,50
39635,50
40269,50
40547,50
41241,50
41384,50
41469,50
43286,50
28051,37
43050,38
43879,3
43856,40
43856,22
35935,20
49954,40
44419,21
41240,37
29272,3
38331,3
41471,3
41903,3
41729,3
45245,3
44868,3
27399,3
29045,3
35755,3
43713,3
44310,1
40959,1
40960,1
44777,1
44836,1
49256,1
49338,1
46454,1
46455,1
46456,1
46457,1
46458,1
46459,1
46460,1
46461,1
46462,1
51833,1
51834,1
51835,1
51836,1
51837,1
51838,1
51839,1
51840,1
51841,1
49004,1
49005,1
49006,1
52389,1
52390,1
52391,1
52392,1
52388,1
49003,1
45016,1
51832,1
40961,1
43946,1
41914,1
43022,1
43023,1
43024,1
43159,1
43160,1
43943,1
48254,1
48255,1
49434,1
44529,19
43803,21
40904,38
38707,37
42825,37
43180,37
43181,37
43876,37
43877,37
39731,37
40010,37
37749,3
39728,3
43783,1
41167,19
47501,3
47503,3
47446,3
47454,3
47486,3
47461,3
51059,3
51057,3
51002,3
51051,3
43729,3
46319,3
46499,3
46498,3
47955,3
47949,3
47476,3
47531,3
28888,55
37348,55
39232,55
43941,55
48247,55
43676,37
43157,3
41940,57
33499,20
44785,2
44786,2
49059,2
49060,2
47950,22
29268,2
29268,38
29268,37
38338,37
40536,37
39227,37
29268,1
38338,1
40536,1
39227,1
39194,55
29349,3
29349,57
42984,3
37265,3
42691,3
49402,20
48930,1
48926,1
52194,1
52193,1
52189,1
52190,1
48942,1
48950,1
46906,1
46907,1
46912,1
46914,1
47954,20
44520,40
26473,55
28646,55
47948,3
46492,3
43836,2
43837,2
43838,2
43839,2
43840,2
43841,2
43842,2
43118,1
43767,1
25682,37
39084,37
49260,37
41034,39
40931,37
41603,37
29709,37
29709,38
27612,3
27606,3
49818,56
49069,20
40044,2
48927,1
43559,1
44407,1
48269,1
42838,1
42752,1
48923,1
41873,1
42881,1
44085,1
43047,1
43125,1
48959,1
47529,1
43697,1
40933,1
43882,1
43889,1
43126,1
46501,1
42842,1
51058,1
46316,1
43745,1
43053,1
44405,1
44409,1
44086,1
46298,1
42840,1
42837,1
44411,1
43885,1
44860,1
48885,1
47525,1
42753,1
46911,1
40934,1
46909,1
43182,1
41997,1
40932,1
44084,1
48925,1
44855,1
43184,1
51022,1
43732,1
42774,1
44396,1
42780,1
43054,1
42773,1
42779,1
47493,1
43165,1
43123,1
43051,1
42782,1
48929,1
41992,1
51054,1
42839,1
44403,1
47457,1
43887,1
47450,1
46503,1
41996,1
47538,1
43731,1
46299,1
46908,1
44861,1
40935,1
42841,1
43124,1
51021,1
41995,1
43884,1
42754,1
43041,1
51036,1
43048,1
47511,1
42781,1
47453,1
43888,1
41991,1
46315,1
42771,1
46500,1
41993,1
41872,1
48273,1
41994,1
42755,1
46317,1
46502,1
41998,1
43167,1
43185,1
44863,1
43883,1
43561,1
43183,1
46318,1
44087,1
43746,1
43558,1
46910,1
44402,1
41874,1
41871,1
42772,1
44414,1
43045,1
43560,1
42845,1
43886,1
43695,1
44360,20
43113,3
44420,20
40908,20
48902,3
48903,3
40136,2
43942,1
49813,20
43034,55
43080,55
43146,55
43236,55
54940,22
36095,55
43032,55
43657,55
47546,55
52202,55
40358,55
40958,1
47202,39
37951,39
38977,39
39727,39
40258,57
44406,2
51284,37
51822,37
43908,3
43908,21
43485,19
45605,3
52162,3
48938,3
41605,37
45123,2
45123,20
48907,56
38908,56
27004,38
42778,22
42778,20
37855,20
50995,37
51050,37
51038,37
35362,3
40147,3
37838,37
43587,3
23223,55
23855,55
39652,55
52146,57
37212,57
37398,57
38995,57
40296,57
44453,57
45254,57
44806,38
44387,37
40069,37
38552,37
40732,37
27509,37
28912,37
29499,37
38771,37
43689,37
38552,19
40732,19
27509,19
28912,19
29499,19
38771,19
43689,19
44625,15
46113,15
39035,39
39035,57
40946,39
46489,19
43935,37
43131,37
41464,40
43131,19
41464,22
22988,57
26715,57
27168,57
27711,57
40482,40
40483,40
40484,40
40485,40
43005,37
43717,37
49052,56
27843,40
43780,38
44398,38
27939,38
43780,20
44398,20
27939,20
44109,2
23553,3
26102,38
26102,56
38093,57
39206,57
40374,57
40887,57
41622,57
42844,2
49401,38
28493,39
35685,39
46320,55
48963,55
44415,38
36585,61
40730,61
41019,61
41328,61
37753,61
38833,61
39166,61
39533,61
39741,61
40105,61
40294,61
40534,61
43873,61
44506,61
45854,61
46826,61
48859,61
28190,61
28474,61
24876,61
25933,61
26360,61
26407,61
26605,61
26690,61
27663,61
27704,61
28874,61
29486,61
29601,61
32260,61
32384,61
32711,61
35752,61
36585,62
40730,62
41019,62
41328,62
37753,62
38833,62
39166,62
39533,62
39741,62
40105,62
40294,62
40534,62
43873,62
44506,62
45854,62
46826,62
48859,62
28190,62
28474,62
24876,62
25933,62
26360,62
26407,62
26605,62
26690,62
27663,62
27704,62
28874,62
29486,62
29601,62
32260,62
32384,62
32711,62
35752,62
36585,8
40730,8
41019,8
41328,8
37753,8
38833,8
39166,8
39533,8
39741,8
40105,8
40294,8
40534,8
43873,8
44506,8
45854,8
46826,8
48859,8
28190,8
28474,8
24876,8
25933,8
26360,8
26407,8
26605,8
26690,8
27663,8
27704,8
28874,8
29486,8
29601,8
32260,8
32384,8
32711,8
35752,8
36585,7
40730,7
41019,7
41328,7
37753,7
38833,7
39166,7
39533,7
39741,7
40105,7
40294,7
40534,7
43873,7
44506,7
45854,7
46826,7
48859,7
28190,7
28474,7
24876,7
25933,7
26360,7
26407,7
26605,7
26690,7
27663,7
27704,7
28874,7
29486,7
29601,7
32260,7
32384,7
32711,7
35752,7
40905,20
42017,20
42017,21
51511,55
46277,19
48253,2
39089,52
48965,37
46506,5
46507,5
46505,5
46504,5
43811,40
43937,21
38014,3
37789,37
37790,37
37790,38
36830,39
33373,3
35873,3
38342,3
44779,1
44780,1
44781,1
44782,1
44783,1
49018,1
49019,1
49020,1
49021,1
49022,1
42766,20
25338,37
28654,37
33591,37
43013,37
46494,22
42826,37
42826,48
42828,37
48272,37
43619,37
43619,1
37849,37
44340,56
44340,20
45723,56
45724,56
45725,56
45873,55
45874,55
45875,55
45876,55
45110,56
42689,56
52259,55
51445,55
44391,2
28526,3
26554,3
36032,3
27603,3
27414,3
33749,3
44048,3
46832,1
46829,1
46827,1
46833,1
46831,1
46830,1
46840,1
46835,1
46836,1
48905,1
48921,1
48920,1
48919,1
52168,1
52178,1
52171,1
52184,1
52172,1
42760,1
43195,1
43204,1
46272,1
45017,1
45018,1
46828,1
37224,40
37224,22
39190,3
40079,3
39189,3
39188,3
40080,3
40081,3
40082,3
40351,3
40348,3
40349,3
40350,3
43234,3
43233,3
43231,3
43232,3
44114,3
44115,3
44113,3
44112,3
39191,3
40059,37
44356,56
48844,70
39650,55
41759,55
45860,55
27434,55
31601,55
36608,55
44057,3
44058,3
44059,3
44060,3
44061,3
44062,3
45131,3
45132,3
45434,3
45449,3
45133,3
45134,3
45135,3
45136,3
45137,3
45138,3
45139,3
45432,3
45140,3
45445,3
45431,3
45141,3
45142,3
45454,3
45143,3
45144,3
45440,3
45145,3
45146,3
45147,3
45148,3
45441,3
45149,3
45150,3
45151,3
45447,3
45152,3
45153,3
45154,3
45453,3
45155,3
45156,3
45157,3
45158,3
45443,3
45159,3
45160,3
45161,3
45162,3
45455,3
45428,3
45163,3
45448,3
45433,3
45164,3
45424,3
45425,3
45446,3
45430,3
45426,3
45429,3
45452,3
45435,3
45438,3
45456,3
45451,3
45457,3
45427,3
45437,3
45444,3
45450,3
45436,3
45439,3
45442,3
48049,3
47258,3
48048,3
48076,3
47259,3
47260,3
47261,3
48051,3
48050,3
47262,3
48042,3
48046,3
47263,3
47264,3
47265,3
47266,3
47267,3
47268,3
47269,3
47270,3
47271,3
47272,3
47273,3
47274,3
47275,3
47276,3
47277,3
47278,3
47279,3
47280,3
47281,3
47282,3
47283,3
47284,3
47285,3
47286,3
47287,3
47288,3
47289,3
47290,3
47291,3
47292,3
47293,3
48059,3
48058,3
48047,3
48066,3
48043,3
48044,3
48045,3
48057,3
48052,3
48055,3
48054,3
48062,3
48060,3
48053,3
48056,3
48061,3
48063,3
48233,3
48065,3
48064,3
48068,3
48077,3
48067,3
48070,3
48071,3
48069,3
48072,3
48073,3
48210,3
48074,3
48075,3
48212,3
48213,3
48230,3
48228,3
48219,3
48211,3
48220,3
48229,3
48221,3
48231,3
48217,3
48796,3
48239,3
48222,3
48238,3
48237,3
48240,3
48218,3
48236,3
48216,3
48234,3
48244,3
48241,3
48224,3
48235,3
48225,3
48226,3
48227,3
48242,3
48243,3
48215,3
48787,3
48767,3
48791,3
48790,3
48788,3
48800,3
48801,3
48245,3
48214,3
48223,3
48232,3
48789,3
48775,3
48768,3
48794,3
48799,3
48793,3
48792,3
48780,3
48779,3
48769,3
48782,3
48781,3
48795,3
48783,3
48771,3
48797,3
48770,3
48784,3
48802,3
48785,3
48773,3
48772,3
48774,3
48776,3
48778,3
48786,3
48777,3
48798,3
48967,3
48968,3
48969,3
48970,3
48971,3
48972,3
48973,3
48974,3
48975,3
48976,3
48977,3
48978,3
48979,3
48980,3
48981,3
48982,3
48984,3
48985,3
48986,3
48987,3
48988,3
48989,3
48990,3
48991,3
48992,3
48993,3
48994,3
48995,3
48996,3
48997,3
48998,3
48999,3
49000,3
49001,3
49002,3
49075,3
49076,3
49077,3
49078,3
49079,3
49080,3
49081,3
49186,3
49082,3
49083,3
49084,3
49085,3
49086,3
49087,3
49088,3
49089,3
49090,3
49091,3
49187,3
49092,3
49093,3
49188,3
49189,3
49094,3
49095,3
49096,3
49097,3
49098,3
49099,3
49100,3
49101,3
49102,3
49103,3
49104,3
49105,3
49190,3
49191,3
49192,3
49106,3
49193,3
49194,3
49195,3
49196,3
49197,3
49107,3
49108,3
49198,3
49279,3
49199,3
49200,3
49201,3
49202,3
49203,3
49204,3
49205,3
49206,3
49207,3
49208,3
49209,3
49210,3
49211,3
49212,3
49280,3
49213,3
49281,3
49214,3
49215,3
49216,3
49282,3
49217,3
49218,3
49283,3
49219,3
49284,3
49285,3
49286,3
49287,3
49288,3
49289,3
49290,3
49291,3
49292,3
49293,3
49294,3
49295,3
49296,3
49297,3
49298,3
49299,3
49300,3
49301,3
49302,3
49303,3
49304,3
49305,3
49306,3
49307,3
49308,3
49309,3
49310,3
49311,3
49312,3
49313,3
49314,3
50469,3
50470,3
50471,3
50472,3
50473,3
50474,3
50475,3
50476,3
50477,3
50478,3
50479,3
50480,3
50481,3
50482,3
50483,3
50484,3
50485,3
50486,3
50487,3
50488,3
51622,3
51623,3
50489,3
50490,3
50491,3
51624,3
51625,3
50492,3
50493,3
50494,3
50495,3
50496,3
51626,3
51627,3
50497,3
51628,3
50498,3
50499,3
51629,3
50500,3
50501,3
51630,3
50502,3
51631,3
51632,3
51633,3
51634,3
51635,3
50503,3
51636,3
51637,3
51638,3
51639,3
51640,3
51641,3
51642,3
50504,3
51643,3
51644,3
51645,3
51646,3
51647,3
51648,3
51649,3
51650,3
51651,3
51652,3
51653,3
51654,3
51655,3
39420,38
42900,55
40146,3
27831,3
27831,57
29495,3
32252,3
35756,3
25113,3
25114,3
25115,3
25420,3
25419,3
25418,3
25414,3
25415,3
25416,3
25475,3
25477,3
25481,3
25980,3
25981,3
25982,3
25985,3
25984,3
25159,3
25117,3
25118,3
25119,3
25112,3
25116,3
40091,3
40087,3
41187,3
40086,3
41182,3
41184,3
41185,3
41179,3
41186,3
41189,3
41188,3
41183,3
45113,20
43795,56
43785,56
45125,56
49015,56
49013,56
52017,20
42921,59
44341,2
48909,41
44365,55
48928,55
37779,39
37779,3
43530,37
44634,5
35815,55
44354,56
43759,3
43215,1
43215,55
44497,2
44498,2
42015,38
40039,3
40037,3
39177,55
40699,55
41770,37
47972,2
46281,38
47317,38
47318,38
47317,20
47318,20
48865,55
41784,38
47448,38
52188,38
52188,20
38012,37
39019,1
48268,1
43808,57
43764,57
47310,19
47310,37
40042,20
44072,37
26958,41
36037,41
39159,37
41854,56
47467,56
47313,56
41855,56
44386,56
44366,56
47345,56
40976,58
43052,58
40973,58
44339,20
43694,2
43696,2
43529,37
47526,38
40925,38
52151,37
47938,22
44486,1
48248,37
48249,37
51846,19
48943,21
44856,1
47485,1
40301,19
41731,40
37826,3
37158,43
49336,43
42738,43
42917,43
42965,43
45727,20
47967,20
37158,50
49336,50
42738,50
42917,50
42965,50
45727,56
47967,56
32382,1
49067,5
43017,20
36358,57
39375,57
49395,41
43772,20
43773,20
37364,56
43932,38
37791,37
36831,3
41849,38
44322,37
44323,37
44324,37
43743,1
28810,38
40070,37
37387,37
41877,37
39186,37
40360,37
40360,39
40360,40
41386,37
39186,1
40360,1
40360,3
40360,4
41386,1
38248,55
34807,55
44233,55
44857,55
43934,19
39769,19
42792,30
28908,57
32954,57
32955,57
32956,57
35498,57
35500,57
37152,57
37154,57
38733,57
39057,57
39058,57
39059,57
39483,57
39484,57
39485,57
39761,57
39762,57
39763,57
40920,57
40921,57
40922,57
43751,57
43752,57
43753,57
49112,3
49114,3
26463,40
47701,20
26410,40
46495,22
26411,40
51031,21
43641,37
46265,37
39088,70
39086,37
29658,55
31797,55
32283,55
32750,55
33244,55
47961,3
51014,20
28369,2
28370,2
31125,3
31127,3
31124,3
31121,3
31119,3
27607,39
28371,37
31118,37
43831,37
43833,37
37481,55
39120,55
41937,55
43162,55
48618,55
37168,70
28537,55
28541,55
31701,55
31708,55
37386,55
37391,55
38758,55
38773,55
40964,55
40981,55
42058,55
42065,55
41790,37
22491,37
25504,37
27858,40
49387,37
36395,40
28384,57
32378,57
37377,57
38466,57
39751,57
41724,57
42949,57
38339,38
43820,19
32791,20
43822,55
39634,37
41456,37
40697,37
42063,37
41335,37
43437,37
42969,37
46984,37
36516,3
42432,3
42967,3
43488,3
43175,3
42709,3
49055,3
37809,3
37748,3
38087,3
38652,3
39172,3
34941,3
39460,3
41380,3
42692,21
42692,57
43199,20
43860,58
43850,38
36088,40
37765,38
37730,38
39202,38
39624,38
40261,38
40286,38
36596,38
42662,38
39210,38
39358,38
41634,38
41838,38
44910,38
49330,38
49962,37
49961,37
28413,40
28414,40
29505,40
29506,40
33408,40
33409,40
37179,37
37180,37
28737,40
38860,38
38861,38
28220,37
49501,38
50321,38
50322,38
51102,38
33433,37
37931,37
39455,37
43710,40
45859,40
48157,38
39208,56
47851,38
51030,37
26694,57
34810,57
34810,3
40614,57
46279,48
40974,5
40977,5
37150,3
26390,3
26483,3
26626,3
32299,3
35493,3
39360,3
28626,3
29520,3
37185,3
48838,3
52320,1
52322,1
40664,3
40940,3
41794,3
41945,3
20776,57
25639,57
30794,57
32294,57
33055,57
39034,57
39418,1
42990,1
42989,1
42988,1
42987,1
43797,1
43802,1
45788,1
45790,1
45789,1
46179,1
40072,1
46180,1
46235,1
41601,1
41771,1
41772,1
41773,1
41774,1
42992,1
42991,1
37218,3
23893,57
40376,37
38766,56
38759,56
39474,56
39472,56
36036,37
40970,56
40972,56
40975,56
39468,57
43186,20
43187,20
43188,20
43189,20
39768,2
33496,20
44404,22
47445,22
44400,20
27651,40
27651,22
42695,39
43142,3
46305,3
48883,3
48884,3
48886,3
48888,3
48890,3
48896,3
48893,3
48894,3
48895,3
48897,3
46307,3
48899,3
48904,3
52025,3
52024,3
52010,3
52016,3
52023,3
52022,3
52012,3
52015,3
46309,3
52013,3
52009,3
52014,3
52027,3
52029,3
52021,3
52011,3
52020,3
52182,3
52179,3
46310,3
52176,3
52181,3
52185,3
52183,3
52180,3
52187,3
52164,3
52186,3
52166,3
52177,3
46311,3
46302,3
46308,3
46306,3
46304,3
46303,3
43141,3
46301,3
46300,3
46953,3
46960,3
46952,3
46951,3
46956,3
46950,3
46948,3
46949,3
43140,3
46946,3
46947,3
46945,3
46944,3
46933,3
46934,3
46936,3
46937,3
46958,3
43139,3
47449,3
47451,3
47455,3
47480,3
47466,3
47470,3
47426,3
47427,3
47447,3
47432,3
43817,3
47443,3
47444,3
47425,3
47434,3
47460,3
47459,3
47468,3
47465,3
47464,3
47428,3
43818,3
47433,3
47431,3
47429,3
47442,3
48627,3
48626,3
48628,3
48629,3
48630,3
48631,3
43816,3
48632,3
48633,3
48634,3
48635,3
48636,3
48637,3
47711,3
47714,3
47715,3
47712,3
47710,3
47709,3
47708,3
47707,3
47706,3
47705,3
47704,3
47703,3
48935,3
48933,3
48947,3
48940,3
48932,3
48939,3
48937,3
48945,3
48934,3
48936,3
48949,3
48946,3
52018,3
46959,3
48882,3
52019,3
52028,3
52026,3
46957,3
46938,3
46939,3
46941,3
46942,3
48889,3
48891,3
48887,3
32018,3
28903,3
28946,57
44226,56
41900,37
52157,3
41901,37
48964,2
37755,40
33751,56
33752,56
38755,1
40053,1
39770,20
37841,20
44704,37
38011,55
38011,37
49321,20
49325,20
43618,1
37606,3
32293,3
32768,3
38991,3
40733,3
41904,3
44713,3
44714,3
44715,3
44716,3
44717,3
44718,3
44719,3
44720,3
44721,3
44722,3
44723,3
44724,3
44725,3
44726,3
44727,3
44728,3
44729,3
44731,3
44732,3
44733,3
44734,3
44735,3
44736,3
44737,3
44738,3
44757,3
44740,3
44741,3
44742,3
44743,3
44744,3
44746,3
44747,3
44748,3
44749,3
44751,3
44752,3
44753,3
44754,3
44739,3
44758,3
44759,3
44760,3
44761,3
44762,3
44763,3
44764,3
44765,3
44766,3
44767,3
44768,3
44770,3
44954,3
44771,3
44772,3
44955,3
44956,3
44934,3
44914,3
44957,3
44959,3
44960,3
44937,3
44961,3
44962,3
44938,3
44939,3
44915,3
44963,3
44964,3
44966,3
44967,3
44968,3
44940,3
44969,3
44970,3
44941,3
44942,3
44917,3
44918,3
44943,3
44920,3
44921,3
44922,3
44923,3
44972,3
44944,3
44945,3
44946,3
44924,3
44925,3
44926,3
44927,3
44973,3
44947,3
44952,3
44928,3
45045,3
44929,3
44949,3
44930,3
44953,3
44950,3
44951,3
44931,3
45046,3
44932,3
45047,3
45044,3
45064,3
45048,3
45049,3
45089,3
45092,3
45178,3
45065,3
45050,3
45051,3
45093,3
45179,3
44933,3
45066,3
45094,3
45095,3
45052,3
45079,3
45067,3
45081,3
45096,3
45080,3
45198,3
45053,3
45054,3
45055,3
45056,3
45057,3
45082,3
45068,3
45058,3
45059,3
45060,3
45071,3
45072,3
45061,3
45073,3
45062,3
45074,3
45084,3
45075,3
45090,3
45078,3
45085,3
45076,3
45086,3
45088,3
45098,3
45087,3
45099,3
45219,3
45221,3
45083,3
45222,3
45180,3
45100,3
45101,3
45102,3
45103,3
45199,3
45201,3
45181,3
45182,3
45183,3
45202,3
45184,3
45204,3
45380,3
45205,3
45206,3
45207,3
45208,3
45223,3
45400,3
45224,3
45225,3
45185,3
45226,3
45209,3
45210,3
45227,3
45228,3
45186,3
45187,3
45229,3
45230,3
45188,3
45231,3
45189,3
45212,3
45213,3
45214,3
45190,3
45232,3
45191,3
45192,3
45233,3
45123,3
45194,3
45195,3
45234,3
45196,3
45215,3
45235,3
45236,3
45399,3
45401,3
45402,3
45381,3
45403,3
45404,3
45571,3
45366,3
45405,3
45382,3
45406,3
45383,3
45384,3
45197,3
45237,3
45217,3
45386,3
45367,3
45387,3
45407,3
45368,3
45369,3
45408,3
45360,3
45388,3
45370,3
45409,3
45389,3
45390,3
45410,3
45417,3
45371,3
45372,3
45391,3
45392,3
45393,3
45394,3
45411,3
45551,3
45373,3
45412,3
45395,3
45413,3
45418,3
45374,3
45361,3
45375,3
45396,3
45376,3
45377,3
45362,3
45397,3
45419,3
45414,3
45378,3
45398,3
45364,3
45415,3
45365,3
45416,3
45379,3
45572,3
45573,3
45552,3
45553,3
45574,3
45554,3
45575,3
45555,3
45576,3
45531,3
45577,3
45578,3
45579,3
45580,3
45556,3
45581,3
45557,3
45582,3
45532,3
45533,3
45583,3
45534,3
45558,3
45584,3
45559,3
45560,3
45586,3
45561,3
45587,3
45535,3
45697,3
45536,3
45537,3
45562,3
45563,3
45564,3
45565,3
45566,3
45588,3
45567,3
45538,3
45568,3
45589,3
45590,3
45569,3
45539,3
45540,3
45541,3
45698,3
45542,3
45543,3
45544,3
45545,3
45546,3
45570,3
45547,3
45548,3
45550,3
45750,3
45677,3
45678,3
45679,3
45680,3
45681,3
45682,3
45699,3
45683,3
45700,3
45684,3
45685,3
45701,3
45686,3
45702,3
45703,3
45688,3
45704,3
45705,3
45706,3
45707,3
45689,3
45690,3
45691,3
45692,3
45693,3
45708,3
45694,3
45695,3
45709,3
45696,3
45710,3
45711,3
45712,3
45713,3
45714,3
45715,3
45658,3
45659,3
45660,3
45661,3
45662,3
45663,3
45665,3
45666,3
45667,3
45668,3
45669,3
45670,3
45671,3
45672,3
45673,3
45674,3
45675,3
45769,3
45676,3
45730,3
45770,3
45771,3
45751,3
45731,3
45732,3
45733,3
45734,3
45752,3
45772,3
45735,3
45736,3
45738,3
45739,3
45753,3
45754,3
45755,3
45740,3
45741,3
45742,3
45773,3
45743,3
45756,3
45774,3
45757,3
45758,3
45775,3
45776,3
45777,3
45778,3
45779,3
45759,3
45760,3
45761,3
45780,3
45781,3
45782,3
45762,3
45744,3
45763,3
45764,3
45745,3
45746,3
45783,3
45747,3
45748,3
45766,3
45784,3
45767,3
45785,3
45786,3
46046,3
46065,3
45787,3
45768,3
46027,3
46028,3
46047,3
46066,3
46029,3
46048,3
47620,3
46067,3
46049,3
46572,3
46068,3
46069,3
46030,3
46070,3
46071,3
46072,3
46051,3
46052,3
46073,3
46053,3
46031,3
46156,3
46346,3
46347,3
46054,3
46074,3
46365,3
46075,3
46076,3
46348,3
46055,3
46032,3
46033,3
46034,3
46035,3
46077,3
46036,3
46056,3
46057,3
46078,3
46058,3
46037,3
46079,3
46038,3
46080,3
46039,3
46059,3
46081,3
46060,3
46061,3
46062,3
46349,3
46040,3
46063,3
46082,3
46083,3
46041,3
46042,3
46043,3
46064,3
46044,3
46117,3
46137,3
46157,3
46118,3
46158,3
46138,3
46045,3
46119,3
46140,3
46159,3
46141,3
46142,3
46160,3
46161,3
46120,3
46121,3
46162,3
46122,3
46123,3
46144,3
46145,3
46146,3
47621,3
46163,3
46147,3
46164,3
46165,3
46124,3
46166,3
46148,3
46350,3
46125,3
46126,3
46149,3
46127,3
46128,3
46129,3
46130,3
46131,3
46167,3
46168,3
46169,3
46150,3
46132,3
46151,3
46171,3
46152,3
46172,3
46153,3
46133,3
46134,3
46135,3
46173,3
46174,3
46154,3
46136,3
46532,3
47622,3
46351,3
47978,3
46533,3
46552,3
46573,3
46366,3
46352,3
46326,3
47623,3
46353,3
46354,3
46368,3
46534,3
46574,3
46355,3
46535,3
46553,3
46356,3
46357,3
46155,3
47624,3
46370,3
46554,3
46537,3
46575,3
46556,3
46576,3
46538,3
46557,3
46558,3
46559,3
46577,3
46578,3
46328,3
46541,3
46371,3
46372,3
46358,3
46542,3
46543,3
46544,3
46329,3
46545,3
46546,3
46547,3
46548,3
46549,3
46550,3
47625,3
46579,3
46560,3
46359,3
46580,3
46561,3
46330,3
46374,3
46581,3
46360,3
46562,3
46671,3
46672,3
46673,3
46674,3
46331,3
46675,3
46332,3
46361,3
46333,3
46375,3
46334,3
46362,3
46335,3
46582,3
46583,3
46563,3
46584,3
46564,3
46325,3
46565,3
46585,3
46586,3
46336,3
46363,3
46566,3
46567,3
46376,3
46588,3
46569,3
46570,3
46589,3
46337,3
46338,3
46591,3
46380,3
46340,3
46341,3
47626,3
46342,3
46364,3
46343,3
46344,3
46677,3
46345,3
46382,3
46383,3
46384,3
46679,3
46680,3
46681,3
46682,3
47122,3
46684,3
46685,3
47548,3
46686,3
46687,3
47124,3
46689,3
46690,3
46691,3
46692,3
46693,3
46694,3
46695,3
46696,3
46698,3
46779,3
46699,3
46700,3
46701,3
46702,3
46703,3
46704,3
46705,3
47549,3
46706,3
46707,3
46708,3
46709,3
46710,3
47126,3
46711,3
46712,3
46713,3
46714,3
46715,3
46716,3
46717,3
46718,3
46719,3
46720,3
46722,3
46723,3
46725,3
46726,3
46727,3
46780,3
46759,3
46781,3
46782,3
47128,3
47129,3
47130,3
47132,3
47133,3
47134,3
47135,3
47136,3
46740,3
47137,3
47138,3
46783,3
47139,3
47141,3
47143,3
47144,3
47145,3
47147,3
47148,3
47149,3
47150,3
47151,3
46741,3
47152,3
47153,3
47154,3
47155,3
47157,3
46742,3
47158,3
47159,3
47161,3
47162,3
47163,3
47164,3
47165,3
47166,3
46784,3
46785,3
47167,3
47168,3
47170,3
47171,3
47173,3
47174,3
46743,3
46786,3
46744,3
47175,3
46760,3
46745,3
46787,3
46763,3
46764,3
48389,3
46746,3
46765,3
47177,3
46747,3
47550,3
46748,3
46749,3
47178,3
47179,3
46766,3
46767,3
46768,3
46751,3
46752,3
46753,3
46754,3
46755,3
46756,3
46757,3
47181,3
46758,3
46788,3
46789,3
46790,3
46770,3
46791,3
46792,3
46772,3
47551,3
46774,3
47552,3
46793,3
46794,3
46795,3
46796,3
46776,3
46798,3
47349,3
47554,3
47555,3
47556,3
47557,3
47558,3
47559,3
47560,3
47561,3
47562,3
47563,3
47564,3
47565,3
47566,3
47567,3
47568,3
47569,3
47570,3
47571,3
47572,3
47627,3
47628,3
47629,3
47573,3
47574,3
47575,3
47576,3
47577,3
47578,3
47579,3
47580,3
47630,3
47581,3
47582,3
47583,3
47585,3
47586,3
47587,3
47632,3
47588,3
47589,3
47590,3
47591,3
47592,3
47593,3
47594,3
47595,3
47596,3
47597,3
47598,3
47599,3
47600,3
47601,3
47602,3
47603,3
47633,3
47634,3
47350,3
47635,3
47636,3
47637,3
47638,3
47639,3
47351,3
47640,3
47641,3
47642,3
47604,3
47643,3
47605,3
47606,3
47607,3
47644,3
47645,3
47646,3
48320,3
47647,3
47648,3
47649,3
47650,3
47352,3
47651,3
47652,3
47653,3
47654,3
47655,3
47656,3
47657,3
47658,3
47659,3
47660,3
47353,3
47354,3
47355,3
48092,3
47356,3
47357,3
47661,3
47662,3
47663,3
47664,3
47358,3
47665,3
47667,3
47668,3
47669,3
48312,3
47670,3
48553,3
47671,3
47672,3
47673,3
47674,3
47722,3
47359,3
47360,3
47361,3
47362,3
47363,3
47675,3
47365,3
47366,3
47367,3
47676,3
47368,3
47369,3
47370,3
47977,3
47371,3
47372,3
47677,3
47373,3
47374,3
47375,3
47679,3
47376,3
47377,3
47378,3
47379,3
47380,3
47381,3
47382,3
47383,3
47384,3
47385,3
47386,3
47723,3
47387,3
47388,3
47389,3
47390,3
47391,3
47392,3
47393,3
47394,3
47724,3
47395,3
47396,3
47397,3
47398,3
47399,3
47400,3
47401,3
47402,3
47725,3
47726,3
47403,3
47404,3
47727,3
47405,3
47728,3
47729,3
47406,3
47407,3
47408,3
48554,3
47730,3
47731,3
47732,3
47733,3
47734,3
48555,3
47735,3
37736,3
47737,3
47738,3
47739,3
48556,3
47740,3
48009,3
47741,3
48557,3
47742,3
47743,3
47744,3
47745,3
47746,3
47747,3
47748,3
47749,3
47750,3
48558,3
48559,3
47751,3
47752,3
47753,3
47754,3
47756,3
47757,3
47760,3
47761,3
47762,3
47763,3
47764,3
47766,3
47767,3
48561,3
48562,3
48563,3
47768,3
48564,3
48565,3
47769,3
47770,3
47771,3
47772,3
47773,3
47774,3
47775,3
47776,3
47777,3
47778,3
47779,3
48602,3
47780,3
48566,3
48567,3
48012,3
48568,3
47999,3
48569,3
48570,3
48571,3
48572,3
47781,3
48573,3
48574,3
48010,3
48575,3
48576,3
47992,3
48577,3
48578,3
48579,3
48580,3
48581,3
48582,3
48583,3
48584,3
48017,3
48585,3
48586,3
48587,3
48013,3
48588,3
48589,3
48446,3
48591,3
48592,3
48593,3
48594,3
48595,3
48596,3
48005,3
48597,3
48598,3
47787,3
47860,3
47996,3
48001,3
48003,3
48028,3
48002,3
47997,3
48031,3
48030,3
48447,3
48000,3
48008,3
48011,3
47993,3
48599,3
48600,3
48026,3
47991,3
47861,3
48018,3
48014,3
48016,3
48019,3
48033,3
48034,3
47994,3
47862,3
48023,3
47863,3
48020,3
48036,3
47998,3
48022,3
48029,3
48027,3
48021,3
47981,3
47864,3
47989,3
47988,3
47990,3
47985,3
47995,3
47865,3
47980,3
47788,3
47789,3
47982,3
47790,3
47666,3
47867,3
47791,3
47868,3
47869,3
47979,3
47870,3
47871,3
47872,3
47873,3
47874,3
47875,3
47876,3
47877,3
47792,3
47878,3
47879,3
47880,3
47793,3
47881,3
47882,3
47794,3
47883,3
47884,3
47885,3
47886,3
47887,3
47795,3
47888,3
47889,3
47890,3
47891,3
47892,3
47893,3
47894,3
47895,3
47896,3
47897,3
47898,3
47899,3
47900,3
47901,3
47902,3
47903,3
47904,3
47905,3
47906,3
47907,3
47908,3
47909,3
47910,3
47911,3
47912,3
47796,3
47913,3
47914,3
47915,3
47797,3
47916,3
47798,3
47799,3
47800,3
47801,3
47802,3
47803,3
47804,3
47805,3
47806,3
47807,3
47808,3
47809,3
47810,3
47811,3
47812,3
47813,3
47814,3
47815,3
47917,3
47918,3
47816,3
44238,3
47817,3
47818,3
47819,3
47820,3
48093,3
47919,3
47821,3
47822,3
47823,3
47824,3
47825,3
47826,3
48094,3
47827,3
48095,3
47828,3
47829,3
48096,3
48097,3
47830,3
47831,3
48098,3
47832,3
47833,3
47834,3
47835,3
47836,3
47837,3
48099,3
47838,3
48100,3
47839,3
47840,3
47841,3
47842,3
47843,3
48101,3
48102,3
48103,3
48104,3
48105,3
48335,3
48106,3
48107,3
48108,3
48109,3
47844,3
48110,3
48111,3
48112,3
48113,3
48114,3
48115,3
47845,3
48116,3
48117,3
47846,3
48321,3
48118,3
48119,3
48120,3
48428,3
48121,3
48122,3
48123,3
48124,3
48125,3
48126,3
48127,3
48128,3
48334,3
48129,3
48130,3
48131,3
48132,3
48133,3
48134,3
48322,3
48135,3
48136,3
48137,3
48138,3
48139,3
48140,3
48141,3
48142,3
48143,3
48144,3
48145,3
48146,3
48147,3
48148,3
48149,3
48150,3
48487,3
48325,3
48486,3
48455,3
48326,3
48377,3
48485,3
48330,3
48327,3
48151,3
48328,3
48411,3
48315,3
48316,3
48456,3
48318,3
48329,3
48332,3
48319,3
48317,3
48331,3
48323,3
48283,3
48309,3
48333,3
48305,3
48281,3
48648,3
48306,3
48304,3
48482,3
48378,3
48324,3
48307,3
48457,3
48303,3
48483,3
48308,3
48294,3
48311,3
48295,3
48310,3
48301,3
48300,3
48290,3
48313,3
48292,3
48278,3
48297,3
48289,3
48296,3
48286,3
48285,3
48314,3
48293,3
48291,3
48302,3
48299,3
48282,3
48298,3
48402,3
48403,3
48288,3
48410,3
48284,3
48280,3
48287,3
48276,3
48406,3
48277,3
48405,3
48401,3
48372,3
48394,3
48395,3
48396,3
48400,3
48362,3
48459,3
48279,3
48412,3
48460,3
48439,3
48382,3
48390,3
48399,3
48398,3
48371,3
48397,3
48361,3
48408,3
48404,3
48388,3
48407,3
48409,3
48385,3
48383,3
48387,3
48450,3
48384,3
48393,3
48375,3
48374,3
48392,3
48386,3
48391,3
48365,3
48373,3
48376,3
48364,3
48379,3
48353,3
48380,3
48678,3
48695,3
48689,3
48693,3
48475,3
48453,3
48370,3
48360,3
48368,3
48358,3
48363,3
48687,3
48359,3
48686,3
48381,3
48366,3
48448,3
48435,3
48443,3
48445,3
48355,3
48357,3
48356,3
48436,3
48438,3
48369,3
48437,3
48367,3
48442,3
48444,3
48642,3
48658,3
48679,3
48680,3
48654,3
48451,3
48665,3
48454,3
48449,3
48655,3
48473,3
48467,3
48469,3
48666,3
48663,3
48650,3
48649,3
48354,3
48470,3
48432,3
48465,3
48440,3
48462,3
48471,3
48468,3
48464,3
48466,3
48660,3
48463,3
48480,3
48647,3
48434,3
48461,3
48644,3
48484,3
48474,3
48458,3
48433,3
48431,3
48656,3
48441,3
48452,3
48643,3
48672,3
48481,3
48669,3
48661,3
48664,3
48673,3
48674,3
48603,3
48697,3
48659,3
48677,3
48653,3
48472,3
48476,3
48681,3
48662,3
48652,3
48478,3
48430,3
48651,3
48646,3
48645,3
48657,3
48667,3
48640,3
48675,3
48668,3
48639,3
48690,3
48684,3
48688,3
48682,3
48671,3
48676,3
48694,3
48429,3
48691,3
48685,3
48692,3
48696,3
48641,3
48479,3
48683,3
48604,3
48638,3
48670,3
48879,3
48880,3
48881,3
49142,3
49179,3
49438,3
49173,3
49169,3
49174,3
49148,3
49436,3
49180,3
49157,3
49165,3
49149,3
49167,3
49137,3
49159,3
49139,3
49138,3
49181,3
49155,3
49154,3
49176,3
49147,3
49153,3
49135,3
49170,3
49409,3
49133,3
49134,3
49433,3
49161,3
49152,3
49162,3
49158,3
49136,3
49156,3
49178,3
49175,3
49163,3
49166,3
49132,3
49172,3
49141,3
49160,3
49131,3
49448,3
49442,3
49446,3
49144,3
49168,3
49151,3
49177,3
49150,3
49440,3
49164,3
49171,3
49439,3
49143,3
49420,3
49418,3
49421,3
49735,3
49426,3
49447,3
49146,3
49435,3
49140,3
49145,3
49419,3
49428,3
49445,3
49456,3
49451,3
49444,3
49450,3
49441,3
49453,3
49437,3
49427,3
49457,3
49416,3
49434,3
49424,3
49443,3
49449,3
49430,3
49425,3
49460,3
49459,3
49738,3
49412,3
49455,3
49414,3
49410,3
49736,3
49423,3
49452,3
49408,3
49431,3
49417,3
49739,3
49458,3
49413,3
49432,3
49415,3
49454,3
49422,3
49411,3
51471,3
51462,3
51460,3
51139,3
51111,3
51468,3
51140,3
51106,3
51138,3
51467,3
51141,3
51137,3
51461,3
51469,3
51134,3
51143,3
51144,3
51464,3
49766,3
49770,3
49767,3
49754,3
49758,3
49762,3
49768,3
49757,3
49763,3
49760,3
49753,3
49771,3
49742,3
49761,3
49759,3
49764,3
49756,3
49769,3
49752,3
49755,3
49725,3
49724,3
49737,3
49740,3
49765,3
49731,3
49751,3
50845,3
49744,3
50809,3
49746,3
50815,3
50200,3
49750,3
49726,3
49734,3
49743,3
49728,3
49745,3
49727,3
51116,3
49741,3
50170,3
49732,3
49747,3
49748,3
49730,3
49749,3
49729,3
49733,3
51136,3
50204,3
50201,3
50202,3
50203,3
50206,3
50192,3
50205,3
50193,3
50207,3
50196,3
50198,3
50180,3
50195,3
50197,3
50190,3
50194,3
50199,3
50167,3
50187,3
50191,3
50186,3
50188,3
50189,3
50182,3
50830,3
50185,3
50183,3
50177,3
50179,3
50178,3
50181,3
50171,3
50172,3
50160,3
50173,3
50828,3
50175,3
50174,3
50176,3
50829,3
50840,3
50168,3
50159,3
50165,3
50831,3
50841,3
50169,3
50842,3
50162,3
50161,3
50166,3
50163,3
50164,3
50846,3
50158,3
50835,3
50849,3
50850,3
50157,3
50851,3
50848,3
50833,3
50156,3
50837,3
50847,3
50839,3
50803,3
50838,3
50804,3
50814,3
50843,3
50844,3
50819,3
50832,3
50827,3
50836,3
50834,3
50825,3
50805,3
50823,3
50806,3
50818,3
50826,3
50812,3
50820,3
50824,3
50817,3
50816,3
50822,3
51110,3
50821,3
50811,3
50810,3
50813,3
51105,3
51147,3
50807,3
51146,3
50808,3
51133,3
51150,3
51109,3
51148,3
51149,3
51151,3
51108,3
51135,3
51152,3
51145,3
51104,3
51107,3
51142,3
51127,3
51113,3
51122,3
51112,3
51114,3
51126,3
51125,3
51131,3
51124,3
51119,3
51117,3
51123,3
51132,3
51118,3
51130,3
51129,3
51115,3
51120,3
51121,3
51128,3
51465,3
51472,3
51463,3
51717,3
51747,3
51736,3
51728,3
51745,3
51734,3
51749,3
51744,3
51759,3
51754,3
51758,3
51757,3
51755,3
51740,3
51748,3
51746,3
51865,3
51881,3
51750,3
51751,3
51753,3
51862,3
51737,3
51752,3
51743,3
51756,3
51731,3
51738,3
51739,3
51735,3
51732,3
51890,3
51741,3
51742,3
51725,3
51729,3
51721,3
51733,3
51720,3
51726,3
51714,3
51724,3
51730,3
51723,3
51727,3
51715,3
52120,3
51722,3
51888,3
52088,3
51996,3
51853,3
51719,3
51854,3
51852,3
51716,3
51803,3
51855,3
51718,3
51889,3
51864,3
51891,3
52373,3
51887,3
51813,3
51866,3
51872,3
51863,3
51877,3
51802,3
52119,3
51860,3
51859,3
52284,3
51861,3
51858,3
52302,3
51886,3
51880,3
51871,3
51856,3
51811,3
51882,3
51857,3
51879,3
51794,3
51874,3
51878,3
51883,3
51884,3
51868,3
51893,3
51781,3
51806,3
51873,3
51876,3
51885,3
51875,3
51795,3
51892,3
51869,3
51997,3
51867,3
51870,3
51801,3
51896,3
51895,3
51894,3
51817,3
51898,3
51897,3
51814,3
44250,3
51800,3
51804,3
51791,3
51816,3
51815,3
51805,3
51807,3
51809,3
51776,3
51808,3
51812,3
51779,3
51770,3
51810,3
51771,3
51778,3
51782,3
51780,3
51998,3
51787,3
51775,3
51769,3
51768,3
51772,3
51773,3
51777,3
51792,3
51797,3
51783,3
51774,3
51796,3
51790,3
51784,3
51793,3
51798,3
51981,3
51995,3
51799,3
51786,3
51789,3
51988,3
51788,3
51989,3
51992,3
51987,3
51986,3
51785,3
51994,3
51993,3
51980,3
51982,3
51985,3
51991,3
52000,3
52003,3
51983,3
51979,3
51990,3
52107,3
52001,3
51977,3
52129,3
51976,3
51984,3
52098,3
51978,3
51999,3
52002,3
51971,3
52106,3
51972,3
51974,3
52093,3
51975,3
51963,3
51970,3
52121,3
51973,3
51969,3
51968,3
52140,3
52124,3
52115,3
52279,3
52110,3
52310,3
51961,3
51964,3
51960,3
51958,3
51957,3
51967,3
51965,3
51962,3
52108,3
51966,3
51956,3
52095,3
52100,3
52101,3
51959,3
52103,3
52105,3
52133,3
52111,3
52102,3
52131,3
52090,3
52091,3
52094,3
52127,3
52092,3
52096,3
52132,3
52136,3
52134,3
52089,3
52138,3
52305,3
52123,3
52122,3
52125,3
52361,3
52135,3
52139,3
52126,3
52137,3
52112,3
52116,3
52113,3
52114,3
52117,3
52266,3
52265,3
52303,3
52118,3
52304,3
52308,3
52268,3
52306,3
52267,3
52313,3
52311,3
52289,3
52312,3
52292,3
52350,3
52307,3
52309,3
52297,3
52299,3
52298,3
52262,3
52374,3
52280,3
52295,3
52296,3
52376,3
52301,3
52300,3
52293,3
52290,3
52291,3
52285,3
52288,3
52294,3
52276,3
52281,3
52278,3
52272,3
52273,3
52282,3
52275,3
52375,3
52263,3
52277,3
52271,3
52283,3
52274,3
52269,3
52339,3
52380,3
52264,3
52372,3
52337,3
52371,3
52382,3
52379,3
52356,3
52286,3
52381,3
52270,3
52377,3
52378,3
52353,3
52366,3
52261,3
52383,3
52346,3
52335,3
52338,3
52351,3
52367,3
52340,3
52349,3
52364,3
52357,3
52287,3
52336,3
52360,3
52347,3
52370,3
52348,3
52363,3
52332,3
52368,3
52358,3
52352,3
52369,3
52341,3
52333,3
52362,3
52343,3
52342,3
52344,3
52345,3
52359,3
52365,3
52354,3
52355,3
52334,3
52331,3
44256,3
44285,3
44269,3
44270,3
44249,3
44255,3
44279,3
44281,3
44252,3
44284,3
44288,3
51099,2
51087,1
51088,1
51098,1
48873,1
48872,1
49818,59
27056,57
27057,57
27464,57
27465,57
27868,57
27869,57
28419,57
28420,57
51847,1
47253,1
39068,38
34903,56
35937,56
35938,56
52191,30
52193,30
49068,40
43804,20
43271,57
33274,3
43271,3
41907,1
41908,1
43099,1
43100,1
39452,37
39451,37
39453,37
41607,20
28485,22
28485,40
35932,20
28885,57
29273,57
49056,57
37818,56
39473,56
48256,2
51829,1
51830,1
36605,37
26464,40
48951,2
41898,37
44482,56
27566,39
39070,39
39504,39
42915,39
19548,39
21639,3
22314,3
21639,39
22314,39
23613,39
26388,39
27389,39
51095,38
42829,23
32476,55
49396,20
41169,1
41944,3
34111,3
41036,3
37602,3
43611,3
43562,3
43677,22
31698,1
31698,37
35496,3
43435,40
38710,2
51033,3
51062,3
51063,3
50998,3
51068,3
51073,3
51019,3
51083,3
28786,3
39500,3
41552,3
43796,2
30580,22
30797,22
30798,22
30580,40
30797,40
30798,40
33396,37
32487,3
36033,3
40613,3
27825,3
32404,3
48275,40
36985,37
38256,37
40988,37
49049,37
44207,37
44209,37
49071,37
49072,37
49812,19
52150,38
42061,38
42061,37
32779,39
37737,39
44076,39
50005,39
38730,39
41869,39
43668,3
46904,2
48426,2
48864,2
49027,2
51824,2
44487,3
44311,3
44840,3
44841,3
45019,3
45941,2
46809,2
47296,2
48252,2
44881,20
49317,2
41725,39
46916,39
47321,39
40144,37
40144,39
40899,38
46233,56
40928,20
44315,2
44316,2
43944,2
44706,2
44842,2
44843,2
43155,2
43158,2
49323,23
43712,38
44800,3
44800,57
40043,19
26998,40
26998,22
40892,38
41911,38
43874,38
43917,38
44637,38
44978,39
47613,39
49115,39
39481,39
46280,20
48901,37
25034,55
31792,55
46312,19
48900,23
39091,20
40617,39
40617,3
33056,3
39522,3
40984,3
47306,3
50212,3
46294,2
44852,2
44853,2
48606,2
47968,5
46295,2
46267,5
48892,5
47966,5
48898,5
48271,5
42795,5
43144,5
25967,57
28117,57
22787,57
23467,57
25258,57
35683,37
50986,1
48906,1
51013,2
51082,2
51032,2
51069,2
39767,19
46276,20
46918,55
47294,55
47295,55
48846,56
48847,56
48848,56
51075,56
51077,56
51078,56
51079,56
47438,23
43880,28
43880,20
38752,37
38753,37
44392,22
47965,19
41171,20
41166,20
42901,37
37843,3
42740,3
32767,39
38332,39
39160,37
47483,23
47524,23
47463,23
47483,41
47524,41
47463,41
38782,37
42954,37
42790,38
48965,38
43169,38
43279,38
51827,37
51828,37
32258,57
44071,57
34713,57
36108,57
38070,57
39168,57
39222,57
40746,57
41879,57
42075,57
29643,3
47941,21
39423,1
42835,1
32060,1
35946,1
40115,1
45606,56
44313,2
44519,2
51831,1
49007,1
44488,1
45602,39
45603,39
38999,38
43518,38
43519,38
45249,38
45250,38
45251,38
45253,38
45612,38
45611,38
47298,41
25989,40
41841,38
37389,37
28542,57
28542,39
36122,21
40903,21
40911,21
40906,21
40907,21
40910,21
41913,38
37393,3
38245,3
37393,57
38245,57
48911,18
48915,3
28089,3
38978,3
40345,3
39022,3
44307,3
48841,4
36834,55
37165,55
37875,55
37941,55
38257,55
38354,55
39011,55
39012,55
39013,55
39239,55
39240,55
39241,55
39410,55
40109,55
40110,55
40111,55
40143,55
40275,55
40305,55
40310,55
40338,55
40339,55
40340,55
40362,55
40878,55
41026,55
41038,55
41473,55
49026,55
49028,55
49029,55
42945,55
42946,55
42947,55
45460,55
45461,55
46807,55
46808,55
46809,55
43028,55
43029,55
43030,55
43081,55
43082,55
43083,55
43170,55
43171,55
43172,55
44449,55
44450,55
44451,55
48423,55
48424,55
48425,55
48860,55
48861,55
48863,55
45462,55
43275,55
43276,55
43277,55
47691,55
47693,55
47695,55
47854,55
47856,55
47857,55
43642,55
47532,55
47533,55
47536,55
49383,55
49384,55
47302,55
48340,55
52084,55
49390,55
49391,55
49392,55
33446,37
34839,37
36110,37
36121,37
36413,37
36414,37
36415,37
46490,22
46491,22
45024,3
51946,3
51947,3
51948,3
51949,3
51950,3
51951,3
37388,40
47299,20
41857,37
44547,37
43909,37
43910,37
43911,37
43912,37
43913,37
43915,37
39417,28
39417,20
43907,19
28470,55
43194,48
37166,22
37167,22
40901,20
40902,20
45795,20
46026,30
37677,39
39157,3
39017,39
37804,57
41103,3
49505,3
37234,57
38352,57
38352,39
41021,3
43920,39
49062,3
31800,39
44067,3
41021,39
43920,3
49062,39
31800,3
44067,39
52255,3
52255,39
33051,39
49125,39
44536,1
44537,1
44538,1
44539,1
42761,1
42759,1
43440,1
44534,1
43439,1
43441,1
43442,1
43443,1
38038,37
44528,37
38046,37
41556,37
45939,37
49399,2